{
  "model": "Qwen/Qwen2.5-VL-7B-Instruct",
  "arch": "qwen",
  "n_per_split": 100,
  "suppress_thresh": 0.253173828125,
  "srf_config": {
    "clip_coarse_grid": 7,
    "clip_top_k_pct": 0.3,
    "clip_use_soft": true,
    "boost_alpha": 1.5,
    "suppress_alpha": 4.0,
    "head_top_k_pct": 0.25,
    "sys_beta": 0.1,
    "background_eps": 0.0,
    "n_calib_samples": 20,
    "calib_seed": 0,
    "exp_id": 9,
    "priority": 2,
    "layer_start": 14,
    "layer_end": 20,
    "saliency_method": "clip",
    "description": "Strength 1.5/4.0, head 25%"
  },
  "metrics": {
    "adversarial": {
      "baseline": {
        "accuracy": 0.85,
        "precision": 0.9512195121951219,
        "recall": 0.75,
        "f1": 0.8387096774193549,
        "yes_rate": 0.41,
        "tp": 39,
        "fp": 2,
        "tn": 46,
        "fn": 13
      },
      "srf": {
        "accuracy": 0.87,
        "precision": 0.9333333333333333,
        "recall": 0.8076923076923077,
        "f1": 0.8659793814432989,
        "yes_rate": 0.45,
        "tp": 42,
        "fp": 3,
        "tn": 45,
        "fn": 10
      }
    },
    "popular": {
      "baseline": {
        "accuracy": 0.86,
        "precision": 0.975,
        "recall": 0.75,
        "f1": 0.8478260869565216,
        "yes_rate": 0.4,
        "tp": 39,
        "fp": 1,
        "tn": 47,
        "fn": 13
      },
      "srf": {
        "accuracy": 0.89,
        "precision": 0.9767441860465116,
        "recall": 0.8076923076923077,
        "f1": 0.8842105263157894,
        "yes_rate": 0.43,
        "tp": 42,
        "fp": 1,
        "tn": 47,
        "fn": 10
      }
    },
    "random": {
      "baseline": {
        "accuracy": 0.87,
        "precision": 1.0,
        "recall": 0.75,
        "f1": 0.8571428571428571,
        "yes_rate": 0.39,
        "tp": 39,
        "fp": 0,
        "tn": 48,
        "fn": 13
      },
      "srf": {
        "accuracy": 0.9,
        "precision": 1.0,
        "recall": 0.8076923076923077,
        "f1": 0.8936170212765957,
        "yes_rate": 0.42,
        "tp": 42,
        "fp": 0,
        "tn": 48,
        "fn": 10
      }
    }
  }
}