{
  "model": "llava-hf/llava-1.5-7b-hf",
  "arch": "llava",
  "n_per_split": 500,
  "suppress_thresh": 0.253173828125,
  "srf_config": {
    "clip_coarse_grid": 7,
    "clip_top_k_pct": 0.3,
    "clip_use_soft": true,
    "boost_alpha": 2.0,
    "suppress_alpha": 5.0,
    "head_top_k_pct": 0.2,
    "sys_beta": 0.1,
    "background_eps": 0.0,
    "n_calib_samples": 20,
    "calib_seed": 0,
    "layer_start": 8,
    "layer_end": 15
  },
  "metrics": {
    "adversarial": {
      "baseline": {
        "accuracy": 0.8,
        "precision": 0.8389830508474576,
        "recall": 0.7615384615384615,
        "f1": 0.7983870967741936,
        "yes_rate": 0.472,
        "tp": 198,
        "fp": 38,
        "tn": 202,
        "fn": 62
      },
      "srf": {
        "accuracy": 0.794,
        "precision": 0.852017937219731,
        "recall": 0.7307692307692307,
        "f1": 0.7867494824016563,
        "yes_rate": 0.446,
        "tp": 190,
        "fp": 33,
        "tn": 207,
        "fn": 70
      }
    },
    "popular": {
      "baseline": {
        "accuracy": 0.844,
        "precision": 0.9252336448598131,
        "recall": 0.7615384615384615,
        "f1": 0.8354430379746836,
        "yes_rate": 0.428,
        "tp": 198,
        "fp": 16,
        "tn": 224,
        "fn": 62
      },
      "srf": {
        "accuracy": 0.834,
        "precision": 0.9359605911330049,
        "recall": 0.7307692307692307,
        "f1": 0.8207343412526997,
        "yes_rate": 0.406,
        "tp": 190,
        "fp": 13,
        "tn": 227,
        "fn": 70
      }
    },
    "random": {
      "baseline": {
        "accuracy": 0.86,
        "precision": 0.9611650485436893,
        "recall": 0.7615384615384615,
        "f1": 0.849785407725322,
        "yes_rate": 0.412,
        "tp": 198,
        "fp": 8,
        "tn": 232,
        "fn": 62
      },
      "srf": {
        "accuracy": 0.838,
        "precision": 0.945273631840796,
        "recall": 0.7307692307692307,
        "f1": 0.8242950108459869,
        "yes_rate": 0.402,
        "tp": 190,
        "fp": 11,
        "tn": 229,
        "fn": 70
      }
    }
  }
}