{
  "model": "Qwen/Qwen2.5-VL-7B-Instruct",
  "arch": "qwen",
  "n_per_split": 500,
  "suppress_thresh": 0.253173828125,
  "srf_config": {
    "clip_coarse_grid": 7,
    "clip_top_k_pct": 0.3,
    "clip_use_soft": true,
    "boost_alpha": 2.0,
    "suppress_alpha": 5.0,
    "head_top_k_pct": 0.2,
    "sys_beta": 0.1,
    "background_eps": 0.0,
    "n_calib_samples": 20,
    "calib_seed": 0,
    "layer_start": 8,
    "layer_end": 14
  },
  "metrics": {
    "adversarial": {
      "baseline": {
        "accuracy": 0.842,
        "precision": 0.9593908629441624,
        "recall": 0.7269230769230769,
        "f1": 0.8271334792122538,
        "yes_rate": 0.394,
        "tp": 189,
        "fp": 8,
        "tn": 232,
        "fn": 71
      },
      "srf": {
        "accuracy": 0.84,
        "precision": 0.95,
        "recall": 0.7307692307692307,
        "f1": 0.8260869565217392,
        "yes_rate": 0.4,
        "tp": 190,
        "fp": 10,
        "tn": 230,
        "fn": 70
      }
    },
    "popular": {
      "baseline": {
        "accuracy": 0.852,
        "precision": 0.984375,
        "recall": 0.7269230769230769,
        "f1": 0.8362831858407078,
        "yes_rate": 0.384,
        "tp": 189,
        "fp": 3,
        "tn": 237,
        "fn": 71
      },
      "srf": {
        "accuracy": 0.854,
        "precision": 0.9844559585492227,
        "recall": 0.7307692307692307,
        "f1": 0.8388520971302427,
        "yes_rate": 0.386,
        "tp": 190,
        "fp": 3,
        "tn": 237,
        "fn": 70
      }
    },
    "random": {
      "baseline": {
        "accuracy": 0.852,
        "precision": 0.984375,
        "recall": 0.7269230769230769,
        "f1": 0.8362831858407078,
        "yes_rate": 0.384,
        "tp": 189,
        "fp": 3,
        "tn": 237,
        "fn": 71
      },
      "srf": {
        "accuracy": 0.854,
        "precision": 0.9844559585492227,
        "recall": 0.7307692307692307,
        "f1": 0.8388520971302427,
        "yes_rate": 0.386,
        "tp": 190,
        "fp": 3,
        "tn": 237,
        "fn": 70
      }
    }
  }
}