{
  "model": "Qwen/Qwen2.5-VL-7B-Instruct",
  "arch": "qwen",
  "n_per_split": 500,
  "suppress_thresh": 0.253173828125,
  "srf_config": {
    "clip_coarse_grid": 7,
    "clip_top_k_pct": 0.3,
    "clip_use_soft": true,
    "boost_alpha": 2.0,
    "suppress_alpha": 5.0,
    "head_top_k_pct": 0.25,
    "sys_beta": 0.1,
    "background_eps": 0.0,
    "n_calib_samples": 20,
    "calib_seed": 0,
    "layer_start": 15,
    "layer_end": 21,
    "saliency_method": "clip"
  },
  "metrics": {
    "adversarial": {
      "baseline": {
        "accuracy": 0.842,
        "precision": 0.9593908629441624,
        "recall": 0.7269230769230769,
        "f1": 0.8271334792122538,
        "yes_rate": 0.394,
        "tp": 189,
        "fp": 8,
        "tn": 232,
        "fn": 71
      },
      "srf": {
        "accuracy": 0.844,
        "precision": 0.941747572815534,
        "recall": 0.7461538461538462,
        "f1": 0.832618025751073,
        "yes_rate": 0.412,
        "tp": 194,
        "fp": 12,
        "tn": 228,
        "fn": 66
      }
    },
    "popular": {
      "baseline": {
        "accuracy": 0.852,
        "precision": 0.984375,
        "recall": 0.7269230769230769,
        "f1": 0.8362831858407078,
        "yes_rate": 0.384,
        "tp": 189,
        "fp": 3,
        "tn": 237,
        "fn": 71
      },
      "srf": {
        "accuracy": 0.86,
        "precision": 0.975,
        "recall": 0.75,
        "f1": 0.8478260869565216,
        "yes_rate": 0.4,
        "tp": 195,
        "fp": 5,
        "tn": 235,
        "fn": 65
      }
    },
    "random": {
      "baseline": {
        "accuracy": 0.852,
        "precision": 0.984375,
        "recall": 0.7269230769230769,
        "f1": 0.8362831858407078,
        "yes_rate": 0.384,
        "tp": 189,
        "fp": 3,
        "tn": 237,
        "fn": 71
      },
      "srf": {
        "accuracy": 0.864,
        "precision": 0.9848484848484849,
        "recall": 0.75,
        "f1": 0.851528384279476,
        "yes_rate": 0.396,
        "tp": 195,
        "fp": 3,
        "tn": 237,
        "fn": 65
      }
    }
  }
}