{
  "model": "Qwen/Qwen2.5-VL-7B-Instruct",
  "arch": "qwen",
  "n_per_split": 50,
  "suppress_thresh": 0.253173828125,
  "srf_config": {
    "clip_coarse_grid": 7,
    "clip_top_k_pct": 0.3,
    "clip_use_soft": true,
    "boost_alpha": 2.0,
    "suppress_alpha": 5.0,
    "head_top_k_pct": 0.2,
    "sys_beta": 0.1,
    "background_eps": 0.0,
    "n_calib_samples": 20,
    "calib_seed": 0,
    "name": "Sanity Check",
    "layer_start": 10,
    "layer_end": 16,
    "saliency_method": "clip"
  },
  "metrics": {
    "adversarial": {
      "baseline": {
        "accuracy": 0.84,
        "precision": 0.9523809523809523,
        "recall": 0.7407407407407407,
        "f1": 0.8333333333333334,
        "yes_rate": 0.42,
        "tp": 20,
        "fp": 1,
        "tn": 22,
        "fn": 7
      },
      "srf": {
        "accuracy": 0.86,
        "precision": 0.9545454545454546,
        "recall": 0.7777777777777778,
        "f1": 0.8571428571428572,
        "yes_rate": 0.44,
        "tp": 21,
        "fp": 1,
        "tn": 22,
        "fn": 6
      }
    },
    "popular": {
      "baseline": {
        "accuracy": 0.84,
        "precision": 0.9523809523809523,
        "recall": 0.7407407407407407,
        "f1": 0.8333333333333334,
        "yes_rate": 0.42,
        "tp": 20,
        "fp": 1,
        "tn": 22,
        "fn": 7
      },
      "srf": {
        "accuracy": 0.86,
        "precision": 0.9545454545454546,
        "recall": 0.7777777777777778,
        "f1": 0.8571428571428572,
        "yes_rate": 0.44,
        "tp": 21,
        "fp": 1,
        "tn": 22,
        "fn": 6
      }
    },
    "random": {
      "baseline": {
        "accuracy": 0.86,
        "precision": 1.0,
        "recall": 0.7407407407407407,
        "f1": 0.851063829787234,
        "yes_rate": 0.4,
        "tp": 20,
        "fp": 0,
        "tn": 23,
        "fn": 7
      },
      "srf": {
        "accuracy": 0.88,
        "precision": 1.0,
        "recall": 0.7777777777777778,
        "f1": 0.8750000000000001,
        "yes_rate": 0.42,
        "tp": 21,
        "fp": 0,
        "tn": 23,
        "fn": 6
      }
    }
  }
}